"strategy","transfer","threads","bytes","alignment","mode","repetitions","requests","checksum","throughput_median","throughput_min","throughput_max","elapsed_ns_median","batch_p50_ns_median","batch_p95_ns_median","batch_p99_ns_median","heap_peak_bytes_max","heap_peak_kind","retained_bytes_median","local_logical_peak_sum_max","backing_allocations_median","elapsed_ratio_to_off"
"arena","same","1","32","8","cpu","3","8192","37752832","34844746.91620587","34697162.21939856","34874414.64452959","235100","400","700","1300","65536","single_heap_peak","65536","512","1","1.251863684771033"
"arena","same","1","32","8","memory","3","8192","37752832","22248777.83813145","22200542.005420055","23345682.53063551","368200","600","1000","1900","65536","single_heap_peak","65536","512","1","1.9605963791267305"
"arena","same","1","32","8","off","3","8192","37752832","43620873.26943557","43597658.32889835","43644112.94619073","187800","300","400","400","65536","single_heap_peak","65536","512","1","1"
"arena","same","1","256","64","cpu","3","8192","37752832","37151927.437641725","36620473.84890478","37219445.70649704","220500","400","500","1200","65536","single_heap_peak","65536","4096","1","1.1623616236162362"
"arena","same","1","256","64","memory","3","8192","37752832","22345881.069285326","16694518.035459548","22927511.894766305","366600","600","1200","2800","65536","single_heap_peak","65536","4096","1","1.9325250395361095"
"arena","same","1","256","64","off","3","8192","37752832","43183974.696889825","42379720.641489916","43206751.05485232","189700","300","400","400","65536","single_heap_peak","65536","4096","1","1"
"arena","same","1","4096","256","cpu","3","8192","37752832","36555109.32619366","35977162.93368467","37000903.342366755","224100","400","500","1200","65536","single_heap_peak","65536","65536","1","0.4752916224814422"
"arena","same","1","4096","256","memory","3","8192","37752832","15574144.486692015","11562455.892731123","23995313.415348563","526000","1000","1200","1800","65536","single_heap_peak","65536","65536","1","1.1155885471898197"
"arena","same","1","4096","256","off","3","8192","37752832","17374337.221633084","17348581.10969928","43002624.67191601","471500","900","900","900","65536","single_heap_peak","65536","65536","1","1"
"arena","same","2","32","8","cpu","3","16384","819275505664","68466360.21730046","65667334.66933868","68927219.18384518","239300","400","500","1400","131072","single_heap_peak","131072","1024","2","1.16845703125"
"arena","same","2","32","8","memory","3","16384","819275505664","19009165.796496112","16317099.890449159","22921096.810296588","861900","700","4600","11000","131072","single_heap_peak","131072","1024","2","4.20849609375"
"arena","same","2","32","8","off","3","16384","819275505664","80000000","79456838.02133851","82043064.59689534","204800","400","400","400","131072","single_heap_peak","131072","1024","2","1"
"arena","same","2","256","64","cpu","3","16384","819275505664","68153078.202995","42205048.94384338","69043404.9726085","240400","400","500","700","131072","single_heap_peak","131072","8192","2","1.2165991902834008"
"arena","same","2","256","64","memory","3","16384","819275505664","22294189.68567152","20495371.528646484","23059817.03026038","734900","700","3500","10000","131072","single_heap_peak","131072","8192","2","3.7191295546558703"
"arena","same","2","256","64","off","3","16384","819275505664","82914979.75708503","80669620.87641557","86140904.31125131","197600","300","400","400","131072","single_heap_peak","131072","8192","2","1"
"arena","same","2","4096","256","cpu","3","16384","819275505664","46479432.62411348","45970819.30415264","46638200.96783376","352500","600","700","800","131072","single_heap_peak","131072","131072","2","1.8621236133122028"
"arena","same","2","4096","256","memory","3","16384","819275505664","18512994.350282487","13189502.495572371","20302354.399008673","885000","1100","3900","9500","131072","single_heap_peak","131072","131072","2","4.675118858954042"
"arena","same","2","4096","256","off","3","16384","819275505664","86550449.02271527","86459102.90237467","86550449.02271527","189300","300","400","400","131072","single_heap_peak","131072","131072","2","1"
"arena","same","4","32","8","cpu","3","32768","4915351011328","99598784.19452888","73372145.09628303","134903252.3672293","329000","400","800","900","262144","single_heap_peak","262144","2048","4","1.0163731850478839"
"arena","same","4","32","8","memory","3","32768","4915351011328","23946214.557147034","17480928.247532677","23972492.50128027","1368400","1000","7000","19800","262144","single_heap_peak","262144","2048","4","4.227371022551745"
"arena","same","4","32","8","off","3","32768","4915351011328","101229533.51869014","77778305.24566817","170046704.72236636","323700","400","900","900","262144","single_heap_peak","262144","2048","4","1"
"arena","same","4","256","64","cpu","3","32768","4915351011328","82393764.143827","53255322.60685844","106458739.44119558","397700","400","1000","1100","262144","single_heap_peak","262144","16384","4","2.0876640419947505"
"arena","same","4","256","64","memory","3","32768","4915351011328","23203512.250389464","19426132.321555607","23352337.514253136","1412200","1100","7900","19000","262144","single_heap_peak","262144","16384","4","7.4131233595800525"
"arena","same","4","256","64","off","3","32768","4915351011328","172010498.68766403","154931442.08037826","174205209.99468368","190500","300","400","400","262144","single_heap_peak","262144","16384","4","1"
"arena","same","4","4096","256","cpu","3","32768","4915351011328","84193216.85508735","53005499.83824005","86118265.44021025","389200","700","800","1100","262144","single_heap_peak","262144","262144","4","1.8801932367149758"
"arena","same","4","4096","256","memory","3","32768","4915351011328","12300300.3003003","11872893.945432806","20753689.277344987","2664000","2500","14200","36300","262144","single_heap_peak","262144","262144","4","12.869565217391305"
"arena","same","4","4096","256","off","3","32768","4915351011328","158299516.90821257","73045028.97904593","169343669.250646","207000","300","400","400","262144","single_heap_peak","262144","262144","4","1"
"arena","same","32","32","8","cpu","3","262144","406324408090624","322162959.3216173","306960187.35363","375564469.9140401","813700","700","1700","2500","2097152","single_heap_peak","2097152","16384","32","0.9392820039247374"
"arena","same","32","32","8","memory","3","262144","406324408090624","4110051.23766878","4073886.435193963","4288009.003143903","63781200","101600","317500","449800","2097152","single_heap_peak","2097152","16384","32","73.62484127900265"
"arena","same","32","32","8","off","3","262144","406324408090624","302601870.02193236","281935900.19359004","342806329.279456","866300","800","1900","2200","2097152","single_heap_peak","2097152","16384","32","1"
"arena","same","32","256","64","cpu","3","262144","406324408090624","273379914.4853478","273152026.67500263","298535474.31955355","958900","900","2400","2900","2097152","single_heap_peak","2097152","131072","32","1.1655524492524614"
"arena","same","32","256","64","memory","3","262144","406324408090624","4208660.5829806635","4104176.2887001447","4220722.345303725","62286800","100200","314700","444200","2097152","single_heap_peak","2097152","131072","32","75.71022243831287"
"arena","same","32","256","64","off","3","262144","406324408090624","318638628.90482557","302532025.389498","353151017.1089856","822700","900","1800","2200","2097152","single_heap_peak","2097152","131072","32","1"
"arena","same","32","4096","256","cpu","3","262144","406324408090624","250328495.0343774","206721867.36061823","275419205.71548647","1047200","1000","2300","2700","2097152","single_heap_peak","2097152","2097152","32","1.1044083526682134"
"arena","same","32","4096","256","memory","3","262144","406324408090624","4138288.1318473145","4126218.100369424","4192157.615300966","63346000","100700","321000","453900","2097152","single_heap_peak","2097152","2097152","32","66.80658089010757"
"arena","same","32","4096","256","off","3","262144","406324408090624","276464880.8268298","276406579.5023197","317904438.51564395","948200","800","1900","2200","2097152","single_heap_peak","2097152","2097152","32","1"
"heap","cross","2","32","8","cpu","3","16384","819275505664","12091512.915129151","11876766.944545126","12479244.420747962","1355000","2100","4200","5900","1024","single_heap_peak","0","0","17408","0.9901351845085861"
"heap","cross","2","32","8","memory","3","16384","819275505664","5739910.313901345","5190394.728505353","5855820.436756139","2854400","5000","8600","15600","1024","single_heap_peak","0","0","17408","2.0857873584216295"
"heap","cross","2","32","8","off","3","16384","819275505664","11972232.371209353","9096158.116811015","12722472.433607703","1368500","2100","4600","6900","1024","single_heap_peak","0","0","17408","1"
"heap","cross","2","256","64","cpu","3","16384","819275505664","6806530.680071455","6796648.13739318","7204925.2418645555","2407100","4700","6000","7000","8192","single_heap_peak","0","0","17408","1.0398738551926732"
"heap","cross","2","256","64","memory","3","16384","819275505664","5710103.509566793","5119520.044995782","6052456.594015515","2869300","5200","8100","10100","8192","single_heap_peak","0","0","17408","1.2395455330914118"
"heap","cross","2","256","64","off","3","16384","819275505664","7077933.298773112","5742525.673828468","7176207.787657133","2314800","4600","5800","8300","8192","single_heap_peak","0","0","17408","1"
"heap","cross","2","4096","256","cpu","3","16384","819275505664","5160965.160965161","4787703.456941644","6296452.864993659","3174600","4100","8400","29900","131072","single_heap_peak","0","0","17408","1.9637510825188667"
"heap","cross","2","4096","256","memory","3","16384","819275505664","3138817.5792175946","2807161.826437077","5528224.854067551","5219800","5900","18900","37500","131072","single_heap_peak","0","0","17408","3.2288754175429917"
"heap","cross","2","4096","256","off","3","16384","819275505664","10134850.921687493","9128593.715177178","10222111.305215873","1616600","3000","4200","4700","131072","single_heap_peak","0","0","17408","1"
"heap","cross","4","32","8","cpu","3","32768","4915351011328","4355361.794885427","3977712.766603139","5744639.820480006","7523600","13300","22300","35300","2048","single_heap_peak","0","0","34816","1.2696559056314023"
"heap","cross","4","32","8","memory","3","32768","4915351011328","3711741.917944768","3499321.878237097","3875393.2398230718","8828200","15200","30300","43300","2048","single_heap_peak","0","0","34816","1.489815549217814"
"heap","cross","4","32","8","off","3","32768","4915351011328","5529810.824037666","5018762.157112006","6075348.561257787","5925700","9900","18500","38100","2048","single_heap_peak","0","0","34816","1"
"heap","cross","4","256","64","cpu","3","32768","4915351011328","4422012.901136272","3911522.805677247","6473970.166946557","7410200","12000","21900","47800","16384","single_heap_peak","0","0","34816","0.9509522098454904"
"heap","cross","4","256","64","memory","3","32768","4915351011328","3624778.761061947","3512412.639883377","3879017.4607872153","9040000","15100","32800","45400","16384","single_heap_peak","0","0","34816","1.1601047174169703"
"heap","cross","4","256","64","off","3","32768","4915351011328","4205122.9403008055","4140301.2230870314","4467896.5380892","7792400","13600","20100","38500","16384","single_heap_peak","0","0","34816","1"
"heap","cross","4","4096","256","cpu","3","32768","4915351011328","5468989.919220242","4784906.982856809","6442657.438902106","5991600","10500","19800","35200","262144","single_heap_peak","0","0","34816","0.8794363716424483"
"heap","cross","4","4096","256","memory","3","32768","4915351011328","1452044.5964868746","1383690.2911965407","3016866.7599617","22566800","41500","70300","89400","262144","single_heap_peak","0","0","34816","3.312314692499633"
"heap","cross","4","4096","256","off","3","32768","4915351011328","4809628.6511081755","4661033.825495718","4812595.464692751","6813000","12200","20800","34600","262144","single_heap_peak","0","0","34816","1"
"heap","cross","32","32","8","cpu","3","262144","406324408090624","2774136.8125745403","2423341.5237957896","2862427.7961585918","94495700","171500","294200","357600","16384","single_heap_peak","0","0","278528","1.212044292294254"
"heap","cross","32","32","8","memory","3","262144","406324408090624","1195287.500239382","1088000.7968755837","1219462.7263372762","219314600","428900","655300","733700","16384","single_heap_peak","0","0","278528","2.8130275678871888"
"heap","cross","32","32","8","off","3","262144","406324408090624","3362376.6897243466","3305491.6676754225","3430077.291361084","77963900","141600","238300","289300","16384","single_heap_peak","0","0","278528","1"
"heap","cross","32","256","64","cpu","3","262144","406324408090624","2067879.1034120983","2042644.4416046678","2415748.664235043","126769500","256000","341800","385100","131072","single_heap_peak","0","0","278528","1.6130877321121138"
"heap","cross","32","256","64","memory","3","262144","406324408090624","914236.290937118","888264.2076393487","989964.554568065","286735500","563500","750700","854800","131072","single_heap_peak","0","0","278528","3.648586745321493"
"heap","cross","32","256","64","off","3","262144","406324408090624","3335670.4132050527","3255084.5174132073","3576911.846173579","78588100","142200","236300","294600","131072","single_heap_peak","0","0","278528","1"
"heap","cross","32","4096","256","cpu","3","262144","406324408090624","2156841.2885560147","2114736.4565837854","2170556.7566180103","121540700","214400","386800","449500","2097152","single_heap_peak","0","0","278528","1.1353532428468673"
"heap","cross","32","4096","256","memory","3","262144","406324408090624","890442.3441095797","836103.3978820568","905505.1065577479","294397500","576700","745800","839100","2097152","single_heap_peak","0","0","278528","2.750067724729335"
"heap","cross","32","4096","256","off","3","262144","406324408090624","2448776.751268087","2432452.996861818","2637656.311000028","107051000","209100","278200","323200","2097152","single_heap_peak","0","0","278528","1"
"heap","same","1","32","8","cpu","3","8192","37752832","12283700.704753336","9897305.787120938","21450641.529196125","666900","1700","1800","3600","512","single_heap_peak","0","0","8704","1.9409196740395809"
"heap","same","1","32","8","memory","3","8192","37752832","9371925.408992106","9324985.77120091","9471615.215631865","874100","1600","2400","3800","512","single_heap_peak","0","0","8704","2.5439464493597206"
"heap","same","1","32","8","off","3","8192","37752832","23841676.367869616","23063063.063063063","23855562.026790913","343600","600","700","700","512","single_heap_peak","0","0","8704","1"
"heap","same","1","256","64","cpu","3","8192","37752832","21015905.592611596","20999743.655472957","21557894.736842107","389800","700","800","1600","4096","single_heap_peak","0","0","8704","1.1099088838268794"
"heap","same","1","256","64","memory","3","8192","37752832","11831311.380704794","11682829.435253851","11908707.660997238","692400","1300","1400","1700","4096","single_heap_peak","0","0","8704","1.9715261958997723"
"heap","same","1","256","64","off","3","8192","37752832","23325740.318906605","14553206.608633861","23738046.942915097","351200","700","700","1100","4096","single_heap_peak","0","0","8704","1"
"heap","same","1","4096","256","cpu","3","8192","37752832","14001025.465732353","13865944.482058227","14195113.498527119","585100","1100","1200","2000","65536","single_heap_peak","0","0","8704","1.0877486521658302"
"heap","same","1","4096","256","memory","3","8192","37752832","7594326.504125336","6509853.782581056","8648648.64864865","1078700","1700","4200","4600","65536","single_heap_peak","0","0","8704","2.00539133667968"
"heap","same","1","4096","256","off","3","8192","37752832","15229596.579289831","15050523.608304244","15266492.7320164","537900","1000","1100","1100","65536","single_heap_peak","0","0","8704","1"
"heap","same","2","32","8","cpu","3","16384","819275505664","7999609.394072555","7516975.591851716","9296413.98093509","2048100","4100","4800","5400","1024","single_heap_peak","0","0","17408","0.8664438615788138"
"heap","same","2","32","8","memory","3","16384","819275505664","8826635.06087706","8587902.295838138","8976550.515012054","1856200","1800","8400","22500","1024","single_heap_peak","0","0","17408","0.7852610203908961"
"heap","same","2","32","8","off","3","16384","819275505664","6931212.45452238","6873636.516193992","6953274.201077961","2363800","4700","5300","5600","1024","single_heap_peak","0","0","17408","1"
"heap","same","2","256","64","cpu","3","16384","819275505664","8673372.154579142","7300597.09473309","8857652.592312267","1889000","3700","4200","4800","8192","single_heap_peak","0","0","17408","0.8625176932560157"
"heap","same","2","256","64","memory","3","16384","819275505664","7442198.501022031","6614185.943240079","9924283.724029317","2201500","1800","10300","19300","8192","single_heap_peak","0","0","17408","1.005205241769782"
"heap","same","2","256","64","off","3","16384","819275505664","7480936.94351856","7223030.463342591","7652498.832321345","2190100","4200","4800","10200","8192","single_heap_peak","0","0","17408","1"
"heap","same","2","4096","256","cpu","3","16384","819275505664","9321802.457897132","7678680.226836013","10121702.600852536","1757600","3100","4900","8300","131072","single_heap_peak","0","0","17408","0.9963718820861678"
"heap","same","2","4096","256","memory","3","16384","819275505664","6581505.583674781","2637475.8531873794","6637229.0864897715","2489400","4300","8800","13500","131072","single_heap_peak","0","0","17408","1.4112244897959183"
"heap","same","2","4096","256","off","3","16384","819275505664","9287981.859410431","9027494.627803184","9617281.051890114","1764000","3400","4000","4300","131072","single_heap_peak","0","0","17408","1"
"heap","same","4","32","8","cpu","3","32768","4915351011328","7044306.382612809","6391760.621074396","8000976.681723843","4651700","8900","11600","16200","2048","single_heap_peak","0","0","34816","0.6816077132725727"
"heap","same","4","32","8","memory","3","32768","4915351011328","5932470.353942247","5636535.649780683","6281847.286390737","5523500","5300","34200","80400","2048","single_heap_peak","0","0","34816","0.8093514638220555"
"heap","same","4","32","8","off","3","32768","4915351011328","4801453.565044105","4066164.5178502738","4856317.154501667","6824600","13200","15600","32900","2048","single_heap_peak","0","0","34816","1"
"heap","same","4","256","64","cpu","3","32768","4915351011328","7134334.857391683","4833893.904525875","7881659.651232712","4593000","8800","11000","12400","16384","single_heap_peak","0","0","34816","0.9918586822726586"
"heap","same","4","256","64","memory","3","32768","4915351011328","6541955.319531234","6394005.619731502","7541021.3333947025","5008900","4500","22000","74700","16384","single_heap_peak","0","0","34816","1.0816723173602263"
"heap","same","4","256","64","off","3","32768","4915351011328","7076251.97054441","7068924.603602632","7312816.621660827","4630700","8900","10500","18900","16384","single_heap_peak","0","0","34816","1"
"heap","same","4","4096","256","cpu","3","32768","4915351011328","5641387.621589051","3502501.175766386","6180425.885060073","5808500","9200","27700","30700","262144","single_heap_peak","0","0","34816","1.5584502696466422"
"heap","same","4","4096","256","memory","3","32768","4915351011328","4233318.261094244","2329572.5183241977","4813938.7973967595","7740500","10100","38400","127400","262144","single_heap_peak","0","0","34816","2.0768157548764457"
"heap","same","4","4096","256","off","3","32768","4915351011328","8791822.060046686","7704135.612348059","8842832.469775476","3727100","7000","9700","21800","262144","single_heap_peak","0","0","34816","1"
"heap","same","32","32","8","cpu","3","262144","406324408090624","2280962.942531296","2270877.7838705513","2761163.138286723","114926900","214000","277900","329300","16384","single_heap_peak","0","0","278528","0.9967442106532133"
"heap","same","32","32","8","memory","3","262144","406324408090624","743808.9222794811","725891.0194301785","752645.8771058919","352434600","682000","1257900","1500900","16384","single_heap_peak","0","0","278528","3.0566137882765565"
"heap","same","32","32","8","off","3","262144","406324408090624","2273536.6076825876","2266873.7439597654","2283184.0062848874","115302300","217000","296400","344200","16384","single_heap_peak","0","0","278528","1"
"heap","same","32","256","64","cpu","3","262144","406324408090624","2310850.1813726136","2292811.3493042253","2335658.2047051024","113440500","211600","274600","322600","131072","single_heap_peak","0","0","278528","1.1308845563760015"
"heap","same","32","256","64","memory","3","262144","406324408090624","714882.1610524702","708621.4018022616","718439.3326240587","366695400","713400","1252800","1487200","131072","single_heap_peak","0","0","278528","3.6555741975231104"
"heap","same","32","256","64","off","3","262144","406324408090624","2613304.7822129712","2599461.5525729954","2632623.384135809","100311300","193200","269900","316800","131072","single_heap_peak","0","0","278528","1"
"heap","same","32","4096","256","cpu","3","262144","406324408090624","2324323.98883164","2293425.1599266506","2574279.2049650406","112782900","214100","277000","329500","2097152","single_heap_peak","0","0","278528","1.1543655553872418"
"heap","same","32","4096","256","memory","3","262144","406324408090624","658982.2607417321","653022.6686133656","661144.1851901826","397801300","764900","1283500","1507900","2097152","single_heap_peak","0","0","278528","4.071611198224791"
"heap","same","32","4096","256","off","3","262144","406324408090624","2683119.552267526","2671803.495897671","2687708.1316950736","97701200","185400","277900","316100","2097152","single_heap_peak","0","0","278528","1"
"local_pool","same","1","32","8","cpu","3","8192","37752832","17590723.641829506","17545512.95780681","17712432.43243243","465700","900","900","1700","2008","single_heap_peak","1128","512","4","1.098090073095968"
"local_pool","same","1","32","8","memory","3","8192","37752832","18143964.562569212","17785497.177594442","18404852.842057966","451500","800","900","1700","2008","single_heap_peak","1128","512","4","1.064607403914171"
"local_pool","same","1","32","8","off","3","8192","37752832","19316199.00966753","19252643.948296122","19403126.48034107","424100","800","800","900","2008","single_heap_peak","1128","512","4","1"
"local_pool","same","1","256","64","cpu","3","8192","37752832","16250743.900019838","13467039.2898241","17485592.315901816","504100","900","1400","1700","14552","single_heap_peak","8296","4096","4","1.193983893889152"
"local_pool","same","1","256","64","memory","3","8192","37752832","18521365.588966765","18135930.927606817","18626648.476580262","442300","800","900","1000","14552","single_heap_peak","8296","4096","4","1.0476077688299383"
"local_pool","same","1","256","64","off","3","8192","37752832","19403126.48034107","19384761.003312826","19449192.782526117","422200","800","800","800","14552","single_heap_peak","8296","4096","4","1"
"local_pool","same","1","4096","256","cpu","3","8192","37752832","17192025.18363064","15583032.147612708","17213700.357217904","476500","900","1000","1700","229592","single_heap_peak","131176","65536","4","1.1272770286255027"
"local_pool","same","1","4096","256","memory","3","8192","37752832","18454606.89344447","18184239.7336293","18529744.401719067","443900","800","900","1300","229592","single_heap_peak","131176","65536","4","1.0501537733617223"
"local_pool","same","1","4096","256","off","3","8192","37752832","19380175.06505796","18475417.230491657","19380175.06505796","422700","800","800","900","229592","single_heap_peak","131176","65536","4","1"
"local_pool","same","2","32","8","cpu","3","16384","819275505664","34470860.509152114","33341473.34147334","34948805.460750856","475300","900","900","1800","4016","single_heap_peak","2256","1024","8","1.1128541325216577"
"local_pool","same","2","32","8","memory","3","16384","819275505664","35656147.98694233","35394253.61849211","36489977.728285074","459500","800","900","1800","4016","single_heap_peak","2256","1024","8","1.0758604542261765"
"local_pool","same","2","32","8","off","3","16384","819275505664","38361039.569187544","34041138.58300436","38824644.54976303","427100","800","800","800","4016","single_heap_peak","2256","1024","8","1"
"local_pool","same","2","256","64","cpu","3","16384","819275505664","34340809.054705516","34290498.11636668","34609209.9704267","477100","900","1000","1100","29104","single_heap_peak","16592","8192","8","1.1074744661095637"
"local_pool","same","2","256","64","memory","3","16384","819275505664","34304857.62144054","34183183.80972251","36489977.728285074","477600","900","1000","1100","29104","single_heap_peak","16592","8192","8","1.1086350974930361"
"local_pool","same","2","256","64","off","3","16384","819275505664","38031569.17363045","32520841.603811037","38760350.13011592","430800","800","800","900","29104","single_heap_peak","16592","8192","8","1"
"local_pool","same","2","4096","256","cpu","3","16384","819275505664","21729442.970822282","20916634.75041491","21801729.87358616","754000","1400","1500","1500","459184","single_heap_peak","262352","131072","8","1.6640918119620394"
"local_pool","same","2","4096","256","memory","3","16384","819275505664","21752522.570366435","20773424.62279701","22355027.971073817","753200","1300","1500","1600","459184","single_heap_peak","262352","131072","8","1.6623261973074377"
"local_pool","same","2","4096","256","off","3","16384","819275505664","36159788.126241446","32820512.82051282","37847077.84707785","453100","800","900","900","459184","single_heap_peak","262352","131072","8","1"
"local_pool","same","4","32","8","cpu","3","32768","4915351011328","65772782.015254915","32059485.37325115","69438440.34753126","498200","900","1000","1500","8032","single_heap_peak","4512","2048","16","0.9122871268998352"
"local_pool","same","4","32","8","memory","3","32768","4915351011328","44078557.976863064","43499269.87919819","59373074.83239717","743400","900","1800","2300","8032","single_heap_peak","4512","2048","16","1.3612891411829335"
"local_pool","same","4","32","8","off","3","32768","4915351011328","60003662.33290606","45215951.42817718","75939745.07531865","546100","800","900","2000","8032","single_heap_peak","4512","2048","16","1"
"local_pool","same","4","256","64","cpu","3","32768","4915351011328","66750865.75677327","38231244.89557811","67983402.48962656","490900","900","1000","1100","58208","single_heap_peak","33184","16384","16","1.1246277205040092"
"local_pool","same","4","256","64","memory","3","32768","4915351011328","63565470.417070806","47039908.12517944","69556357.46126089","515500","900","1000","2100","58208","single_heap_peak","33184","16384","16","1.1809851088201604"
"local_pool","same","4","256","64","off","3","32768","4915351011328","75069873.99770905","73735373.53735374","75069873.99770905","436500","800","900","900","58208","single_heap_peak","33184","16384","16","1"
"local_pool","same","4","4096","256","cpu","3","32768","4915351011328","38792470.69965668","32702594.81037924","39965849.49384071","844700","1400","1600","2500","918368","single_heap_peak","524704","262144","16","1.9097897354736604"
"local_pool","same","4","4096","256","memory","3","32768","4915351011328","35421035.56372284","35336999.892160036","42594566.48901599","925100","1400","1900","2100","918368","single_heap_peak","524704","262144","16","2.0915668098575626"
"local_pool","same","4","4096","256","off","3","32768","4915351011328","74085462.35586706","31480449.61091363","75035493.47378063","442300","800","900","900","918368","single_heap_peak","524704","262144","16","1"
"local_pool","same","32","32","8","cpu","3","262144","406324408090624","202178004.01048896","157396577.60432303","208067306.92912135","1296600","1400","2200","3500","64256","single_heap_peak","36096","16384","128","0.7879192999513855"
"local_pool","same","32","32","8","memory","3","262144","406324408090624","150493139.67506745","130432878.89342223","202866429.34530258","1741900","1900","3100","3500","64256","single_heap_peak","36096","16384","128","1.0585196888672825"
"local_pool","same","32","32","8","off","3","262144","406324408090624","159299951.3855129","155087262.61610365","159552038.9531345","1645600","1700","3600","4300","64256","single_heap_peak","36096","16384","128","1"
"local_pool","same","32","256","64","cpu","3","262144","406324408090624","202037764.93256262","160972674.24009824","207490897.57796422","1297500","1700","2800","3900","465664","single_heap_peak","265472","131072","128","0.9453551912568307"
"local_pool","same","32","256","64","memory","3","262144","406324408090624","171123441.47790325","163045154.8700087","238703332.72627938","1531900","1600","3300","3700","465664","single_heap_peak","265472","131072","128","1.1161384335154827"
"local_pool","same","32","256","64","off","3","262144","406324408090624","190997449.90892532","182145636.4647026","194382322.40842354","1372500","1600","3500","4100","465664","single_heap_peak","265472","131072","128","1"
"local_pool","same","32","4096","256","cpu","3","262144","406324408090624","240366770.58499908","187045308.5979308","257635380.83538082","1090600","1500","2200","2500","7346944","single_heap_peak","4197632","2097152","128","0.8533646322378716"
"local_pool","same","32","4096","256","memory","3","262144","406324408090624","157766008.6663457","137724072.71198907","196318430.31528497","1661600","1700","2800","4300","7346944","single_heap_peak","4197632","2097152","128","1.3001564945226918"
"local_pool","same","32","4096","256","off","3","262144","406324408090624","205120500.7824726","171548982.39644003","218362349.02124116","1278000","1600","2900","4200","7346944","single_heap_peak","4197632","2097152","128","1"
"pipeline","cross","2","2048","8","cpu","3","512","4859133952","440278.6138103018","419328.4193284193","460721.6773148565","1162900","2100","2200","2400","67824","sum_domain_peaks","65704","2056","1091","0.6394830904591696"
"pipeline","cross","2","2048","8","memory","3","512","4859133952","275416.8908015062","174297.87234042553","353957.82924300036","1859000","2700","6800","13700","67824","sum_domain_peaks","65704","2056","1091","1.0222711025570526"
"pipeline","cross","2","2048","8","off","3","512","4859133952","281550.72862249106","205465.7088968257","362375.25656451273","1818500","2700","5400","13600","67824","sum_domain_peaks","65704","2056","1091","1"
"pmr","cross","2","32","8","cpu","3","16384","819275505664","11856140.096967943","11545345.641603833","12304919.263987983","1381900","2100","4400","6500","1024","single_heap_peak","0","0","17408","0.7689611040008903"
"pmr","cross","2","32","8","memory","3","16384","819275505664","4627202.892001808","3207203.6801409414","4674598.419355759","3540800","5700","12400","24100","1024","single_heap_peak","0","0","17408","1.970285459907629"
"pmr","cross","2","32","8","off","3","16384","819275505664","9116910.578153692","8676587.406662077","12384911.935898405","1797100","3100","6200","7700","1024","single_heap_peak","0","0","17408","1"
"pmr","cross","2","256","64","cpu","3","16384","819275505664","6888085.428403262","6624615.882257803","7080992.3070274005","2378600","4700","5800","6200","8192","single_heap_peak","0","0","17408","1.0155843046838307"
"pmr","cross","2","256","64","memory","3","16384","819275505664","4209877.177655583","4015292.618370748","4375016.689364202","3891800","6000","16300","24800","8192","single_heap_peak","0","0","17408","1.6616711498228085"
"pmr","cross","2","256","64","off","3","16384","819275505664","6995431.450407754","6821266.497356259","7310043.278454469","2342100","4600","5900","6300","8192","single_heap_peak","0","0","17408","1"
"pmr","cross","2","4096","256","cpu","3","16384","819275505664","9816068.5399317","9786751.090137985","9937526.536058713","1669100","3100","3300","4600","131072","single_heap_peak","0","0","17408","1.0400024923671256"
"pmr","cross","2","4096","256","memory","3","16384","819275505664","3213746.2976402976","2089396.1614487024","3795052.348744557","5098100","7200","23700","38200","131072","single_heap_peak","0","0","17408","3.176584210854259"
"pmr","cross","2","4096","256","off","3","16384","819275505664","10208735.7467755","10027541.465205949","10674311.030034529","1604900","2900","3800","4800","131072","single_heap_peak","0","0","17408","1"
"pmr","cross","4","32","8","cpu","3","32768","4915351011328","4166836.2156663276","3796327.4054335863","5011700.289065965","7864000","13200","25600","40000","2048","single_heap_peak","0","0","34816","1.4615470393636398"
"pmr","cross","4","32","8","memory","3","32768","4915351011328","2952417.8507392756","2664043.381761124","3337815.2630077824","11098700","17300","43500","65200","2048","single_heap_peak","0","0","34816","2.0627253466156192"
"pmr","cross","4","32","8","off","3","32768","4915351011328","6090027.134520314","5716478.838840236","6427240.452699919","5380600","9800","13100","29300","2048","single_heap_peak","0","0","34816","1"
"pmr","cross","4","256","64","cpu","3","32768","4915351011328","5489880.713041147","4515862.297070092","6386528.41662119","5968800","11000","14800","25600","16384","single_heap_peak","0","0","34816","0.815900267920608"
"pmr","cross","4","256","64","memory","3","32768","4915351011328","3674654.884325973","3483289.3953567483","3694000.4058350055","8917300","15700","30400","42600","16384","single_heap_peak","0","0","34816","1.2189430805402155"
"pmr","cross","4","256","64","off","3","32768","4915351011328","4479195.144622451","4175969.8220930826","4530597.572104084","7315600","13900","17800","30000","16384","single_heap_peak","0","0","34816","1"
"pmr","cross","4","4096","256","cpu","3","32768","4915351011328","4522094.339101874","4216594.605723698","5462061.608214429","7246200","12000","19300","46700","262144","single_heap_peak","0","0","34816","0.9778419518514521"
"pmr","cross","4","4096","256","memory","3","32768","4915351011328","1948771.0158373327","1590170.139663991","2582414.551300743","16814700","28000","69200","89000","262144","single_heap_peak","0","0","34816","2.2690677966101696"
"pmr","cross","4","4096","256","off","3","32768","4915351011328","4421893.555003778","4236109.315613931","4837176.345546338","7410400","12600","25600","35400","262144","single_heap_peak","0","0","34816","1"
"pmr","cross","32","32","8","cpu","3","262144","406324408090624","2102355.750954763","2068686.8686868686","3177522.2880138666","124690600","246100","342400","392000","16384","single_heap_peak","0","0","278528","1.5603586467529704"
"pmr","cross","32","32","8","memory","3","262144","406324408090624","1276460.4400200811","1012962.6638494467","1320510.928277715","205367900","401600","631100","707900","16384","single_heap_peak","0","0","278528","2.56994174805879"
"pmr","cross","32","32","8","off","3","262144","406324408090624","3280428.9745530994","3261377.7599177887","3513259.9617238217","79911500","145300","237700","292700","16384","single_heap_peak","0","0","278528","1"
"pmr","cross","32","256","64","cpu","3","262144","406324408090624","2378055.5288448455","2108217.6126050414","2412285.222102799","110234600","216100","294800","364500","131072","single_heap_peak","0","0","278528","1.3923098394799296"
"pmr","cross","32","256","64","memory","3","262144","406324408090624","973464.63678336","908838.1374753587","1062764.7597545309","269289700","530100","713800","803100","131072","single_heap_peak","0","0","278528","3.401243339029655"
"pmr","cross","32","256","64","off","3","262144","406324408090624","3310990.1116403257","3219489.070189293","3455911.2397796814","79173900","143900","239800","301700","131072","single_heap_peak","0","0","278528","1"
"pmr","cross","32","4096","256","cpu","3","262144","406324408090624","2123333.55202995","1985770.904286909","2190163.879640576","123458700","217900","382200","452500","2097152","single_heap_peak","0","0","278528","1.147410214158853"
"pmr","cross","32","4096","256","memory","3","262144","406324408090624","873385.0835140502","856649.5038737195","947257.6957641453","300147100","590600","752300","821700","2097152","single_heap_peak","0","0","278528","2.789530817108544"
"pmr","cross","32","4096","256","off","3","262144","406324408090624","2436334.605665363","2413880.1052683922","2595734.4418226304","107597700","210100","281700","329700","2097152","single_heap_peak","0","0","278528","1"
"pmr","same","1","32","8","cpu","3","8192","37752832","21053713.698278077","20770791.07505071","21075379.4700283","389100","700","800","1600","512","single_heap_peak","0","0","8704","1.0920572551220882"
"pmr","same","1","32","8","memory","3","8192","37752832","9315442.34705481","8072526.606227828","9674067.076051015","879400","1600","2300","3800","512","single_heap_peak","0","0","8704","2.4681448217793993"
"pmr","same","1","32","8","off","3","8192","37752832","22991860.791467864","7671130.255641914","23352337.514253136","356300","700","700","1000","512","single_heap_peak","0","0","8704","1"
"pmr","same","1","256","64","cpu","3","8192","37752832","20521042.084168337","20418743.768693916","20598441.03595675","399200","700","800","1600","4096","single_heap_peak","0","0","8704","1.1216633885923013"
"pmr","same","1","256","64","memory","3","8192","37752832","11486259.113853056","10811666.886630593","11807437.301816085","713200","1300","1400","1500","4096","single_heap_peak","0","0","8704","2.00393368923855"
"pmr","same","1","256","64","off","3","8192","37752832","23017701.601573475","22857142.85714286","23239716.31205674","355900","700","700","700","4096","single_heap_peak","0","0","8704","1"
"pmr","same","1","4096","256","cpu","3","8192","37752832","13777329.297006391","13502554.80468106","13863597.901506176","594600","1100","1200","2100","65536","single_heap_peak","0","0","8704","1.0732851985559566"
"pmr","same","1","4096","256","memory","3","8192","37752832","8648648.64864865","3126478.8947408595","9121478.677207438","947200","1700","3000","3400","65536","single_heap_peak","0","0","8704","1.7097472924187727"
"pmr","same","1","4096","256","off","3","8192","37752832","14787003.610108303","14694170.403587444","14894545.454545455","554000","1000","1100","1100","65536","single_heap_peak","0","0","8704","1"
"pmr","same","2","32","8","cpu","3","16384","819275505664","8217474.169926773","7726479.603867012","8360889.977546438","1993800","4000","4600","5800","1024","single_heap_peak","0","0","17408","0.9242965092021695"
"pmr","same","2","32","8","memory","3","16384","819275505664","8371570.180368913","8268900.777228222","8649561.820293527","1957100","1800","9500","25100","1024","single_heap_peak","0","0","17408","0.9072829261508507"
"pmr","same","2","32","8","off","3","16384","819275505664","7595382.689722313","7315592.070012502","7950696.365312758","2157100","4500","5100","5300","1024","single_heap_peak","0","0","17408","1"
"pmr","same","2","256","64","cpu","3","16384","819275505664","7397507.675636627","7360948.872315572","7596439.169139466","2214800","4400","5000","5200","8192","single_heap_peak","0","0","17408","1.068918918918919"
"pmr","same","2","256","64","memory","3","16384","819275505664","8595561.617963381","7327370.30411449","8895162.603833","1906100","1800","9400","33300","8192","single_heap_peak","0","0","17408","0.9199324324324324"
"pmr","same","2","256","64","off","3","16384","819275505664","7907335.907335907","7861426.99486589","7935677.613096968","2072000","4100","4600","4800","8192","single_heap_peak","0","0","17408","1"
"pmr","same","2","4096","256","cpu","3","16384","819275505664","10058321.566701455","10026927.784577724","10588083.236396536","1628900","3000","3400","3600","131072","single_heap_peak","0","0","17408","1.0374498439589834"
"pmr","same","2","4096","256","memory","3","16384","819275505664","3775898.2277430804","2501259.484298429","5080310.07751938","4339100","4700","13300","71300","131072","single_heap_peak","0","0","17408","2.763581937456213"
"pmr","same","2","4096","256","off","3","16384","819275505664","10435004.139863703","10309589.730682105","11273653.065437282","1570100","3000","3700","4100","131072","single_heap_peak","0","0","17408","1"
"pmr","same","4","32","8","cpu","3","32768","4915351011328","4882075.120308706","4535300.549473364","7702867.8890456045","6711900","13100","15100","16300","2048","single_heap_peak","0","0","34816","1.0726682861343733"
"pmr","same","4","32","8","memory","3","32768","4915351011328","6373733.247748536","5560589.862376759","7291013.060988363","5141100","4400","28800","109300","2048","single_heap_peak","0","0","34816","0.8216294828357732"
"pmr","same","4","32","8","off","3","32768","4915351011328","5236847.152080803","4879603.293970485","5349964.89738608","6257200","12300","15300","16600","2048","single_heap_peak","0","0","34816","1"
"pmr","same","4","256","64","cpu","3","32768","4915351011328","7696354.753851935","4513747.313901592","7714474.055937471","4257600","8300","10900","11900","16384","single_heap_peak","0","0","34816","0.9302569480859989"
"pmr","same","4","256","64","memory","3","32768","4915351011328","6071858.72848222","5322850.506002177","7097403.019341983","5396700","4800","31300","89200","16384","single_heap_peak","0","0","34816","1.1791426324069219"
"pmr","same","4","256","64","off","3","32768","4915351011328","7159587.484705471","7000363.178021321","7608963.195170091","4576800","8500","10100","10900","16384","single_heap_peak","0","0","34816","1"
"pmr","same","4","4096","256","cpu","3","32768","4915351011328","4910093.502757133","3429588.152179601","6241286.046245857","6673600","13200","15100","16100","262144","single_heap_peak","0","0","34816","1.9177011494252874"
"pmr","same","4","4096","256","memory","3","32768","4915351011328","2255428.984409953","2247893.9714074032","2556305.3399383705","14528500","16000","68500","203100","262144","single_heap_peak","0","0","34816","4.174856321839081"
"pmr","same","4","4096","256","off","3","32768","4915351011328","9416091.954022989","9280879.145778457","9849705.422628352","3480000","6300","8800","20600","262144","single_heap_peak","0","0","34816","1"
"pmr","same","32","32","8","cpu","3","262144","406324408090624","2680441.886812517","2667106.192223246","2708362.1756658186","97798800","173500","282400","328100","16384","single_heap_peak","0","0","278528","0.8780595543568629"
"pmr","same","32","32","8","memory","3","262144","406324408090624","740691.5558664877","735445.4084459626","743595.4022258165","353917900","689200","1247300","1483100","16384","single_heap_peak","0","0","278528","3.1775542598980433"
"pmr","same","32","32","8","off","3","262144","406324408090624","2353587.6086140675","2339253.509852931","2362890.192271464","111380600","201900","298000","333700","16384","single_heap_peak","0","0","278528","1"
"pmr","same","32","256","64","cpu","3","262144","406324408090624","2289961.2405470875","2281614.1124740085","2323016.06431397","114475300","212500","279500","324800","131072","single_heap_peak","0","0","278528","1.0486495151812174"
"pmr","same","32","256","64","memory","3","262144","406324408090624","699575.8149117271","696646.770875964","711628.2693504747","374718500","730400","1266900","1498800","131072","single_heap_peak","0","0","278528","3.4326040058810325"
"pmr","same","32","256","64","off","3","262144","406324408090624","2401366.744683482","2389258.980091635","2408285.0945651345","109164500","200600","287100","337800","131072","single_heap_peak","0","0","278528","1"
"pmr","same","32","4096","256","cpu","3","262144","406324408090624","2540425.8205816513","2440053.726158552","2585805.021005523","103189000","200300","279900","324900","2097152","single_heap_peak","0","0","278528","1.0929938194779127"
"pmr","same","32","4096","256","memory","3","262144","406324408090624","661428.2736970334","657435.8537080833","671383.7480692313","396330200","763200","1278200","1511200","2097152","single_heap_peak","0","0","278528","4.197990668311982"
"pmr","same","32","4096","256","off","3","262144","406324408090624","2776669.7207378494","2774450.9710536064","2779752.462228858","94409500","175900","274500","319600","2097152","single_heap_peak","0","0","278528","1"
"shared_pool","cross","2","32","8","cpu","3","16384","819275505664","7733408.854904182","7479912.34477721","7817539.841587937","2118600","3900","5300","7200","4112","single_heap_peak","2152","1024","5","1.0562895747120706"
"shared_pool","cross","2","32","8","memory","3","16384","819275505664","7219529.391028466","6574902.684698422","7892860.583871279","2269400","4100","6200","8600","4112","single_heap_peak","2152","1024","5","1.131475295408087"
"shared_pool","cross","2","32","8","off","3","16384","819275505664","8168719.150421299","4861576.807809858","8432755.159812652","2005700","3800","4800","5600","4112","single_heap_peak","2152","1024","5","1"
"shared_pool","cross","2","256","64","cpu","3","16384","819275505664","7613029.134333907","7300597.09473309","7742911.153119093","2152100","4000","5100","5700","30992","single_heap_peak","16488","8192","5","1.0126099844727803"
"shared_pool","cross","2","256","64","memory","3","16384","819275505664","6899688.368567337","6366427.044880513","7738157.086855901","2374600","4000","5800","13500","30992","single_heap_peak","16488","8192","5","1.117301086905378"
"shared_pool","cross","2","256","64","off","3","16384","819275505664","7709029.313508681","6927988.4984565945","7833986.803098403","2125300","4000","5000","5600","30992","single_heap_peak","16488","8192","5","1"
"shared_pool","cross","2","4096","256","cpu","3","16384","819275505664","7942217.266954288","6952979.120692582","8223248.3437060835","2062900","3800","4700","7000","491792","single_heap_peak","262248","131072","5","0.98561872909699"
"shared_pool","cross","2","4096","256","memory","3","16384","819275505664","7795594.042917638","6226580.017481853","7974689.705524459","2101700","3800","4900","11500","491792","single_heap_peak","262248","131072","5","1.004156712852365"
"shared_pool","cross","2","4096","256","off","3","16384","819275505664","7827998.088867654","7123787.990782208","7871624.86787739","2093000","3900","5000","5800","491792","single_heap_peak","262248","131072","5","1"
"shared_pool","cross","4","32","8","cpu","3","32768","4915351011328","4131791.645125903","3863695.318948237","4133355.1975982944","7930700","13500","28100","38800","6216","single_heap_peak","2152","2048","549","0.9091086248796368"
"shared_pool","cross","4","32","8","memory","3","32768","4915351011328","3568799.146136923","2953588.7798238737","4440950.85788632","9181800","14800","33300","45900","6216","single_heap_peak","2152","2048","549","1.0525241872621396"
"shared_pool","cross","4","32","8","off","3","32768","4915351011328","3756247.420789582","3710943.2509258105","4512007.0500110155","8723600","14100","30100","40800","6216","single_heap_peak","2152","2048","549","1"
"shared_pool","cross","4","256","64","cpu","3","32768","4915351011328","3169236.1258873823","2706667.5477433424","3754181.7515237615","10339400","17700","36000","48900","47432","single_heap_peak","16488","16384","549","1.320266111628976"
"shared_pool","cross","4","256","64","memory","3","32768","4915351011328","3820761.867005585","3692418.642387091","3896174.928361652","8576300","14700","29500","40900","47432","single_heap_peak","16488","16384","549","1.0951310765773243"
"shared_pool","cross","4","256","64","off","3","32768","4915351011328","4184235.0567594143","3986762.7019661283","4186854.7480323007","7831300","13700","26700","35600","47432","single_heap_peak","16488","16384","549","1"
"shared_pool","cross","4","4096","256","cpu","3","32768","4915351011328","2084664.0286030562","1720791.4968701424","3553165.1883498514","15718600","26800","61700","84600","753992","single_heap_peak","262248","262144","549","1.7890304002913693"
"shared_pool","cross","4","4096","256","memory","3","32768","4915351011328","2419213.135571322","1587604.5911075152","3123617.7838785937","13544900","21700","56700","75300","753992","single_heap_peak","262248","262144","549","1.5416282537189425"
"shared_pool","cross","4","4096","256","off","3","32768","4915351011328","3729527.321564744","3547587.3417995605","3989480.861011006","8786100","14500","31300","43800","753992","single_heap_peak","262248","262144","549","1"
"shared_pool","cross","32","32","8","cpu","3","262144","406324408090624","1279613.8665187946","1172274.9182876837","1352264.2626779934","204861800","408600","604000","678700","35672","single_heap_peak","2152","16384","8165","0.9852800852625787"
"shared_pool","cross","32","32","8","memory","3","262144","406324408090624","1126499.5808027873","1082694.7428938658","1146024.779008665","232706700","464300","665800","749300","35672","single_heap_peak","2152","16384","8165","1.1191997591409102"
"shared_pool","cross","32","32","8","off","3","262144","406324408090624","1260778.059506816","1235785.0820850667","1304248.319836969","207922400","420500","610300","689100","35672","single_heap_peak","2152","16384","8165","1"
"shared_pool","cross","32","256","64","cpu","3","262144","406324408090624","869822.5873027882","783731.4963829134","949643.9885598156","301376400","602600","776800","847200","277592","single_heap_peak","16488","131072","8165","1.1132879511681204"
"shared_pool","cross","32","256","64","memory","3","262144","406324408090624","764388.7855198152","749609.3163572414","800032.716181631","342945900","676000","824800","895700","277592","single_heap_peak","16488","131072","8165","1.2668461710091006"
"shared_pool","cross","32","256","64","off","3","262144","406324408090624","968363.0060980745","955467.2456582013","1003074.5330325763","270708400","535900","713900","775200","277592","single_heap_peak","16488","131072","8165","1"
"shared_pool","cross","32","4096","256","cpu","3","262144","406324408090624","739382.2949214288","695430.533481575","757191.8990310668","354544600","693100","862000","958400","4424792","single_heap_peak","262248","2097152","8165","1.0103956490911288"
"shared_pool","cross","32","4096","256","memory","3","262144","406324408090624","739434.4346546708","679154.8700262393","755799.3030860613","354519600","695600","878700","966300","4424792","single_heap_peak","262248","2097152","8165","1.0103244030723564"
"shared_pool","cross","32","4096","256","off","3","262144","406324408090624","747068.6538036255","721025.207717223","771694.7145282398","350896800","692800","868200","978500","4424792","single_heap_peak","262248","2097152","8165","1"
"shared_pool","same","1","32","8","cpu","3","8192","37752832","14649499.284692418","14404782.838051697","14652119.47773207","559200","1000","1100","1900","2008","single_heap_peak","1128","512","4","1.0710591840643555"
"shared_pool","same","1","32","8","memory","3","8192","37752832","14532552.77629945","11572255.968357112","14646880.028607188","563700","1100","1100","1900","2008","single_heap_peak","1128","512","4","1.0796782225627275"
"shared_pool","same","1","32","8","off","3","8192","37752832","15690480.75081402","14187738.136473848","15696493.581145814","522100","1000","1000","1100","2008","single_heap_peak","1128","512","4","1"
"shared_pool","same","1","256","64","cpu","3","8192","37752832","14631184.140025005","14371929.824561404","14803035.778821828","559900","1100","1100","1200","14552","single_heap_peak","8296","4096","4","1.0779745860608394"
"shared_pool","same","1","256","64","memory","3","8192","37752832","14558379.242935846","14224691.786768537","14749729.924378825","562700","1100","1100","1200","14552","single_heap_peak","8296","4096","4","1.0833654216403543"
"shared_pool","same","1","256","64","off","3","8192","37752832","15772044.666923374","15303568.092658322","15781159.699479869","519400","1000","1000","1000","14552","single_heap_peak","8296","4096","4","1"
"shared_pool","same","1","4096","256","cpu","3","8192","37752832","14299179.612497818","14276751.481352387","14725867.337767392","572900","1100","1100","2000","229592","single_heap_peak","131176","65536","4","1.0776899924755454"
"shared_pool","same","1","4096","256","memory","3","8192","37752832","11263577.615839407","9683215.130023642","14811064.906888448","727300","1300","1700","1800","229592","single_heap_peak","131176","65536","4","1.3681339352896915"
"shared_pool","same","1","4096","256","off","3","8192","37752832","15410082.768999247","15389817.77193312","15412982.126058325","531600","1000","1100","1100","229592","single_heap_peak","131176","65536","4","1"
"shared_pool","same","2","32","8","cpu","3","16384","819275505664","9584649.584649585","9575127.111215008","9688368.517532967","1709400","2600","7000","10100","4112","single_heap_peak","2152","1024","5","1.1821576763485477"
"shared_pool","same","2","32","8","memory","3","16384","819275505664","10514696.444615582","10158100.316200633","10605217.166159622","1558200","2400","6600","9900","4112","single_heap_peak","2152","1024","5","1.0775933609958506"
"shared_pool","same","2","32","8","off","3","16384","819275505664","11330567.081604427","5548256.010836437","11433356.594556874","1446000","2200","6600","9600","4112","single_heap_peak","2152","1024","5","1"
"shared_pool","same","2","256","64","cpu","3","16384","819275505664","10681966.358064936","10552621.409249002","10872652.465326166","1533800","2400","6700","9300","30992","single_heap_peak","16488","8192","5","1.0371221854080737"
"shared_pool","same","2","256","64","memory","3","16384","819275505664","9951409.135082604","9882381.325773569","10562145.435791645","1646400","2600","7000","10300","30992","single_heap_peak","16488","8192","5","1.1132598552978565"
"shared_pool","same","2","256","64","off","3","16384","819275505664","11078504.293731827","10804537.061461356","11192785.899713075","1478900","2100","6600","10000","30992","single_heap_peak","16488","8192","5","1"
"shared_pool","same","2","4096","256","cpu","3","16384","819275505664","9663226.186965497","6722468.406367963","10275321.417372217","1695500","2600","6700","12900","491792","single_heap_peak","262248","131072","5","1.1891569645111517"
"shared_pool","same","2","4096","256","memory","3","16384","819275505664","8315907.014516293","3911289.3599751727","10157470.551766895","1970200","2900","9300","15800","491792","single_heap_peak","262248","131072","5","1.3818207322205078"
"shared_pool","same","2","4096","256","off","3","16384","819275505664","11491092.719876561","10707097.111488694","12078142.27792112","1425800","1900","6600","10300","491792","single_heap_peak","262248","131072","5","1"
"shared_pool","same","4","32","8","cpu","3","32768","4915351011328","6981124.035962333","6976813.507356229","7643217.018100392","4693800","5800","23500","48000","6216","single_heap_peak","2152","2048","7","0.9030706479913806"
"shared_pool","same","4","32","8","memory","3","32768","4915351011328","7178723.217806598","5958576.546105868","7225578.8313120175","4564600","5800","23100","48200","6216","single_heap_peak","2152","2048","7","0.8782130213944898"
"shared_pool","same","4","32","8","off","3","32768","4915351011328","6304448.206864707","6297662.976629767","7480424.609062892","5197600","7100","25100","51300","6216","single_heap_peak","2152","2048","7","1"
"shared_pool","same","4","256","64","cpu","3","32768","4915351011328","7084972.972972973","3390167.19086244","7154272.7391816955","4625000","6000","24300","50800","47432","single_heap_peak","16488","16384","7","1.0462144004343203"
"shared_pool","same","4","256","64","memory","3","32768","4915351011328","6825244.740679026","5951325.826371231","7237228.614970073","4801000","6400","23500","47000","47432","single_heap_peak","16488","16384","7","1.0860270997805777"
"shared_pool","same","4","256","64","off","3","32768","4915351011328","7412400.751012283","7411730.112415462","8082681.729607064","4420700","5800","22500","44900","47432","single_heap_peak","16488","16384","7","1"
"shared_pool","same","4","4096","256","cpu","3","32768","4915351011328","4228238.148081241","2695756.61845764","7247312.779227673","7749800","8800","42400","128100","753992","single_heap_peak","262248","262144","7","1.92465107038196"
"shared_pool","same","4","4096","256","memory","3","32768","4915351011328","4166465.3451498467","2984552.6085689305","7090798.9266857095","7864700","8300","44000","115800","753992","single_heap_peak","262248","262144","7","1.9531863110316396"
"shared_pool","same","4","4096","256","off","3","32768","4915351011328","8137883.077534396","7580447.405556712","8364518.187619655","4026600","4400","20400","48200","753992","single_heap_peak","262248","262144","7","1"
"shared_pool","same","32","32","8","cpu","3","262144","406324408090624","623100.824132987","617700.3536866115","637703.426940722","420708800","821000","1415700","1681100","35672","single_heap_peak","2152","16384","193","1.0508073588445808"
"shared_pool","same","32","32","8","memory","3","262144","406324408090624","646151.3736977465","636751.1080548733","655448.3216613439","405700600","794200","1381900","1640600","35672","single_heap_peak","2152","16384","195","1.013321271073155"
"shared_pool","same","32","32","8","off","3","262144","406324408090624","654758.9313010656","651440.7694706721","658737.5119079299","400367200","783200","1380100","1644700","35672","single_heap_peak","2152","16384","180","1"
"shared_pool","same","32","256","64","cpu","3","262144","406324408090624","620864.7542536663","601902.8970526174","630084.9306145601","422224000","819200","1411200","1674800","277592","single_heap_peak","16488","131072","190","1.015984605652182"
"shared_pool","same","32","256","64","memory","3","262144","406324408090624","621042.2898849641","605158.1942580334","623465.6780412812","422103300","824400","1405400","1665800","277592","single_heap_peak","16488","131072","189","1.0156941689600418"
"shared_pool","same","32","256","64","off","3","262144","406324408090624","630789.03251375","629346.8903093965","634138.2465113737","415581100","809600","1383900","1644000","277592","single_heap_peak","16488","131072","184","1"
"shared_pool","same","32","4096","256","cpu","3","262144","406324408090624","595978.0846010424","567971.6048863792","602937.3137843618","439855100","853200","1448900","1732800","4424792","single_heap_peak","262248","2097152","193","1.0235277171861772"
"shared_pool","same","32","4096","256","memory","3","262144","406324408090624","597803.8898391993","581112.4273786807","600943.3754649021","438511700","850200","1465500","1718500","4424792","single_heap_peak","262248","2097152","201","1.0204016715059796"
"shared_pool","same","32","4096","256","off","3","262144","406324408090624","610000.0884246954","609870.6621185691","612770.4614268353","429744200","831300","1420700","1687000","4424792","single_heap_peak","262248","2097152","201","1"
